id,region,med_organization
1951,Hakasia,33
1952,Krasnoyarsk,342
1953,Krasnoyarsk,403
1954,Hakasia,327
1955,Udmurtia,666
1956,Moscow,128
1957,Bashkiria,857
1958,Krasnoyarsk,124
1959,Udmurtia,591
1960,Amur,313
1961,Piter,610
1962, Altai,594
1963,Stavropol,519
1964,Krasnodar,468
1965,Bashkiria,862
1966,Kirov,275
1967,Kirov,598
1968,Bashkiria,410
1969,Moscow,453
1970,Yacutia,742
1971,Udmurtia,188
1972,Hakasia,686
1973,Tatarstan,371
1974,Yacutia,731
1975,Bransk,398
1976,Udmurtia,664
1977,Krasnoyarsk,802
1978,Moscow,390
1979,Tatarstan,165
1980,Amur,692
1981,Tiva,782
1982,Hakasia,269
1983, Altai,266
1984,Hakasia,745
1985,Piter,332
1986,Krasnodar,682
1987,Amur,378
1988,Kirov,898
1989,Udmurtia,419
1990,Tiva,388
1991, Altai,152
1992,Moscow,432
1993,Hakasia,95
1994,Stavropol,477
1995,Bransk,361
1996,Amur,477
1997,Kirov,77
1998,Hakasia,315
1999,Bransk,260
2000,Hakasia,747
2001,Hakasia,112
2002,Hakasia,401
2003,chuvashia,884
2004,Stavropol,791
2005,Amur,568
2006,Krasnoyarsk,171
2007,Yacutia,561
2008,Amur,687
2009,chuvashia,503
2010,Krasnodar,550
2011,Krasnodar,94
2012,Bransk,583
2013,Adigea,557
2014,Tiva,457
2015,Piter,250
2016,Adigea,702
2017,Kirov,278
2018,Amur,174
2019,Yacutia,509
2020,Krasnoyarsk,961
2021,Udmurtia,770
2022,Amur,529
2023,Bransk,245
2024,Amur,753
2025,Piter,629
2026,Yacutia,596
2027,Adigea,695
2028,Piter,666
2029,Kirov,630
2030, Altai,974
2031,Adigea,233
2032,Stavropol,777
2033,Bransk,708
2034,Moscow,21
2035,Tiva,572
2036,Piter,885
2037,Hakasia,126
2038,chuvashia,676
2039,Tiva,92
2040,Bashkiria,353
2041,Moscow,65
2042,Amur,175
2043,Krasnoyarsk,302
2044,Hakasia,518
2045,Stavropol,395
2046,Udmurtia,211
2047,Moscow,993
2048,Stavropol,821
2049, Altai,752
2050,Udmurtia,443
2051,Bashkiria,343
2052,Udmurtia,144
2053,Adigea,156
2054,Bransk,825
2055,Adigea,832
2056,Hakasia,505
2057,Stavropol,190
2058,Stavropol,431
2059,Moscow,485
2060,Krasnodar,194
2061,Tiva,854
2062,Tiva,582
2063,Hakasia,358
2064, Altai,105
2065,Stavropol,542
2066,Bashkiria,711
2067,chuvashia,773
2068,Amur,384
2069,Krasnodar,573
2070,Yacutia,766
2071, Altai,721
2072,Hakasia,266
2073,Krasnoyarsk,917
2074,Hakasia,553
2075,Udmurtia,878
2076,Bashkiria,253
2077,Adigea,227
2078,Bransk,820
2079,Krasnoyarsk,804
2080,Bransk,823
2081,Hakasia,279
2082,Tatarstan,583
2083,Krasnodar,50
2084,Udmurtia,846
2085,Kirov,341
2086,Krasnoyarsk,231
2087,Bashkiria,774
2088,Amur,857
2089,Amur,541
2090,Piter,671
2091,Amur,415
2092,Udmurtia,120
2093,Tatarstan,144
2094,Kirov,236
2095,Piter,835
2096,Hakasia,869
2097,Bashkiria,947
2098,Tatarstan,504
2099,Kirov,779
2100,Tiva,869
2101,Adigea,229
2102,Tatarstan,922
2103, Altai,589
2104,chuvashia,896
2105,Adigea,809
2106,Piter,654
2107,Moscow,129
2108,Bransk,131
2109,chuvashia,71
2110,Stavropol,804
2111,Adigea,632
2112,Udmurtia,325
2113,Moscow,473
2114, Altai,956
2115,Krasnoyarsk,854
2116,Tatarstan,163
2117,Kirov,786
2118,Moscow,456
2119,Kirov,503
2120,Krasnodar,844
2121,Krasnodar,572
2122,Krasnoyarsk,629
2123,Kirov,104
2124,Bransk,863
2125,Bashkiria,78
2126,Yacutia,300
2127,Adigea,791
2128,Bashkiria,841
2129,Stavropol,583
2130,Krasnodar,342
2131,Moscow,563
2132,Bashkiria,510
2133,Piter,823
2134, Altai,47
2135,Amur,349
2136,Piter,985
2137,Kirov,203
2138,Stavropol,418
2139,Krasnodar,501
2140,Bransk,572
2141,Yacutia,427
2142,chuvashia,466
2143, Altai,10
2144,Kirov,955
2145,Adigea,736
2146,Stavropol,97
2147,chuvashia,449
2148,Kirov,698
2149,Tatarstan,886
2150, Altai,605
2151,Moscow,949
2152,Krasnoyarsk,506
2153,Tiva,521
2154,Bashkiria,942
2155,Hakasia,392
2156,Piter,28
2157,chuvashia,644
2158,Tiva,163
2159,Tiva,166
2160,Udmurtia,14
2161,chuvashia,952
2162,Amur,379
2163,Adigea,622
2164,Moscow,522
2165,Krasnoyarsk,872
2166,Kirov,978
2167,Kirov,559
2168,chuvashia,324
2169,Stavropol,640
2170,Adigea,771
2171,Udmurtia,274
2172,Tiva,820
2173,Tiva,430
2174,Piter,804
2175,Amur,373
2176,Amur,95
2177,Bashkiria,691
2178,Kirov,699
2179,chuvashia,995
2180, Altai,445
2181,Bashkiria,748
2182,Tiva,522
2183,Tatarstan,16
2184,chuvashia,442
2185,Krasnoyarsk,747
2186,Amur,533
2187,Krasnodar,212
2188,Tiva,482
2189,Krasnodar,763
2190,Tiva,960
2191,Piter,994
2192,Bashkiria,463
2193,Tatarstan,710
2194,Adigea,596
2195,Krasnoyarsk,559
2196,Udmurtia,796
2197, Altai,622
2198,Udmurtia,941
2199,Amur,754
2200,Adigea,774
2201,Krasnoyarsk,919
2202,Bransk,678
2203, Altai,336
2204,Moscow,897
2205,Udmurtia,678
2206, Altai,796
2207,Yacutia,625
2208, Altai,903
2209,Tiva,493
2210,Bashkiria,481
2211,Stavropol,455
2212,Tatarstan,755
2213,Krasnoyarsk,14
2214,Krasnodar,872
2215,Yacutia,502
2216, Altai,809
2217,Bransk,523
2218,Hakasia,952
2219,Bashkiria,10
2220,Tatarstan,216
2221,chuvashia,280
2222,Krasnoyarsk,276
2223,Piter,420
2224,Krasnodar,1
2225,Kirov,794
2226,Kirov,860
2227,Hakasia,301
2228,Adigea,270
2229,Bashkiria,77
2230,Piter,567
2231,Bransk,591
2232,Amur,543
2233, Altai,118
2234,Krasnodar,754
2235,Adigea,284
2236,Hakasia,606
2237,chuvashia,987
2238,Piter,401
2239,chuvashia,402
2240,chuvashia,619
2241,Tiva,497
2242,Tiva,852
2243,Bransk,500
2244,Bransk,432
2245,Kirov,141
2246,Stavropol,5
2247,Piter,24
2248,Moscow,179
2249,Yacutia,287
2250,Bashkiria,636
2251,Krasnoyarsk,739
2252,Tiva,727
2253,Amur,556
2254,chuvashia,76
2255,Udmurtia,327
2256,Piter,649
2257,Moscow,454
2258,Yacutia,501
2259,Krasnodar,179
2260, Altai,534
2261,Bashkiria,148
2262,Kirov,323
2263,Stavropol,488
2264,Krasnodar,424
2265,Bransk,729
2266,Piter,906
2267,Piter,771
2268,Amur,351
2269,Kirov,588
2270,Krasnoyarsk,840
2271,Krasnodar,79
2272,Bransk,685
2273,chuvashia,195
2274,Bashkiria,183
2275,Bashkiria,330
2276, Altai,140
2277,Amur,557
2278,Bransk,543
2279,Moscow,564
2280,Kirov,502
2281,Moscow,138
2282,Kirov,63
2283,Moscow,134
2284,Tiva,607
2285,Kirov,900
2286,Krasnodar,68
2287,Kirov,347
2288,Piter,998
2289,Amur,751
2290,Amur,551
2291,Moscow,679
2292,Bransk,683
2293,Krasnodar,960
2294,Hakasia,335
2295,Yacutia,602
2296,Tiva,207
2297,Piter,855
2298,Amur,188
2299,Amur,960
2300,Tiva,503
2301,Amur,154
2302,Yacutia,305
2303,Hakasia,671
2304,Krasnodar,284
2305,chuvashia,937
2306,Bashkiria,686
2307,Adigea,889
2308,Krasnodar,660
2309,Krasnoyarsk,971
2310,Adigea,668
2311,Hakasia,452
2312,Udmurtia,648
2313,Moscow,431
2314,Moscow,462
2315,Krasnodar,6
2316,Hakasia,424
2317,Stavropol,617
2318,Udmurtia,497
2319,Udmurtia,825
2320,Stavropol,678
2321,Tatarstan,900
2322,Kirov,541
2323,Piter,228
2324,Adigea,638
2325,Yacutia,92
2326,Bransk,948
2327,Piter,764
2328,Tatarstan,553
2329,Tiva,871
2330,Stavropol,675
2331,Kirov,539
2332,Tatarstan,510
2333,Bashkiria,972
2334,Bashkiria,705
2335,Moscow,850
2336,Yacutia,982
2337,Hakasia,764
2338,chuvashia,332
2339,Tiva,477
2340,Stavropol,363
2341,Bransk,556
2342,Kirov,689
2343,Bashkiria,147
2344,Piter,296
2345,Hakasia,788
2346,Yacutia,984
2347,Tatarstan,222
2348,chuvashia,129
2349,Kirov,912
2350,Udmurtia,832
2351,Krasnodar,680
2352,Bashkiria,264
2353,Udmurtia,127
2354,Stavropol,281
2355,Krasnoyarsk,880
2356,chuvashia,397
2357,Yacutia,340
2358,chuvashia,887
2359,Kirov,469
2360, Altai,811
2361, Altai,303
2362,Kirov,622
2363,Hakasia,121
2364, Altai,637
2365,Amur,89
2366,Krasnodar,616
2367,Hakasia,305
2368,Adigea,928
2369,Adigea,8
2370,Bashkiria,759
2371,Amur,443
2372,chuvashia,202
2373,Stavropol,845
2374,Hakasia,635
2375,Yacutia,54
2376,Amur,996
2377,Krasnodar,420
2378,Yacutia,429
2379,Adigea,735
2380, Altai,246
2381,Tiva,853
2382,Tatarstan,435
2383,Amur,474
2384,Kirov,829
2385,Udmurtia,774
2386,Udmurtia,696
2387,Bransk,343
2388,Krasnoyarsk,733
2389,Bransk,118
2390,Yacutia,757
2391,Piter,847
2392, Altai,768
2393,Yacutia,12
2394, Altai,927
2395,Bashkiria,332
2396, Altai,458
2397,Stavropol,972
2398,Stavropol,823
2399,Amur,311
2400,Kirov,604
2401,Krasnoyarsk,153
2402,Tatarstan,795
2403,Bransk,248
2404,Krasnoyarsk,752
2405,Tiva,371
2406,Piter,444
2407,Amur,387
2408,Bransk,686
2409,Adigea,161
2410,Kirov,878
2411,Stavropol,922
2412,Kirov,641
2413,Kirov,591
2414,Kirov,700
2415,Tatarstan,283
2416,Tatarstan,669
2417,Tatarstan,188
2418,Kirov,907
2419,Adigea,39
2420,Krasnodar,429
2421,Tatarstan,790
2422,Adigea,671
2423,Tatarstan,806
2424,Kirov,740
2425, Altai,380
2426, Altai,851
2427,Kirov,362
2428,chuvashia,523
2429,Stavropol,252
2430,Udmurtia,387
2431,Krasnodar,476
2432,Tiva,899
2433,chuvashia,339
2434,Bransk,687
2435,Udmurtia,665
2436,Kirov,361
2437,Piter,667
2438, Altai,49
2439,Tatarstan,196
2440,Krasnodar,296
2441,Adigea,779
2442,Udmurtia,220
2443,Tatarstan,835
2444,Krasnodar,358
2445,Moscow,275
2446,Hakasia,447
2447,Krasnodar,123
2448,Yacutia,614
2449,Hakasia,238
2450,Krasnodar,542
2451,chuvashia,784
2452,Bashkiria,216
2453,Bransk,258
2454,Adigea,3
2455,Krasnodar,404
2456,Bashkiria,739
2457,Bashkiria,255
2458,Yacutia,855
2459, Altai,267
2460,Piter,442
2461,Krasnoyarsk,198
2462,Udmurtia,250
2463,Adigea,103
2464,Udmurtia,748
2465,Kirov,817
2466,Hakasia,749
2467,Udmurtia,176
2468, Altai,848
2469,Amur,172
2470,Bransk,793
2471, Altai,190
2472,Amur,682
2473,chuvashia,741
2474,Krasnoyarsk,139
2475,chuvashia,169
2476,Hakasia,89
2477,Yacutia,955
2478,Stavropol,442
2479,Kirov,705
2480,Hakasia,939
2481,Bashkiria,1000
2482,Piter,945
2483,Yacutia,439
2484,Amur,382
2485,Yacutia,395
2486,Bashkiria,622
2487,chuvashia,792
2488,Tiva,160
2489,Bransk,302
2490,Bashkiria,713
2491,Kirov,497
2492,Stavropol,19
2493,Amur,503
2494,Piter,36
2495, Altai,236
2496,chuvashia,507
2497,Adigea,819
2498, Altai,736
2499, Altai,358
2500,Tiva,480
2501,chuvashia,499
2502,Bransk,381
2503,Tiva,872
2504,Hakasia,677
2505,Bashkiria,818
2506,Krasnoyarsk,122
2507,Bransk,466
2508,Tatarstan,941
2509,Amur,668
2510,Bashkiria,937
2511,Adigea,415
2512,Hakasia,976
2513,Tiva,282
2514,Piter,9
2515,Tiva,870
2516,Piter,606
2517,Amur,412
2518,Tatarstan,306
2519,Moscow,780
2520,Bransk,108
2521,Tiva,262
2522,Krasnodar,679
2523, Altai,786
2524,Udmurtia,105
2525,Adigea,721
2526,Tiva,109
2527,Kirov,874
2528,Tatarstan,305
2529,Krasnodar,298
2530,chuvashia,232
2531,Kirov,261
2532,Tiva,432
2533,Yacutia,190
2534,Tatarstan,97
2535,Piter,200
2536,Krasnodar,991
2537,Moscow,438
2538,Bashkiria,349
2539,Bransk,471
2540,Tatarstan,768
2541,chuvashia,406
2542,Stavropol,954
2543,Udmurtia,959
2544,Moscow,225
2545,Amur,791
2546,Adigea,226
2547,Kirov,126
2548,Krasnodar,859
2549,Moscow,414
2550,Amur,458
2551,Tiva,591
2552,Adigea,743
2553,Krasnoyarsk,898
2554,Stavropol,244
2555,Tiva,110
2556, Altai,697
2557,Udmurtia,804
2558,chuvashia,898
2559,Piter,259
2560,Yacutia,419
2561,Krasnodar,428
2562,Adigea,45
2563,Krasnoyarsk,423
2564,Kirov,688
2565,Moscow,642
2566,Kirov,599
2567,Piter,911
2568,Tatarstan,87
2569,Amur,187
2570,Adigea,281
2571,Krasnodar,527
2572,Moscow,617
2573,Krasnodar,868
2574,Stavropol,439
2575,Krasnoyarsk,141
2576, Altai,434
2577,Hakasia,80
2578, Altai,952
2579,Tiva,148
2580, Altai,881
2581,Amur,838
2582,Adigea,823
2583, Altai,229
2584,chuvashia,367
2585,Amur,364
2586,Kirov,363
2587,Tatarstan,530
2588,Krasnoyarsk,212
2589, Altai,898
2590,Moscow,164
2591,Stavropol,667
2592,Yacutia,623
2593,Tiva,404
2594,Krasnodar,795
2595,Moscow,46
2596,Hakasia,330
2597,Moscow,732
2598,Tiva,329
2599,Stavropol,752
2600,Bashkiria,70
2601,Moscow,498
2602,Moscow,723
2603,Piter,335
2604,Krasnoyarsk,32
2605,Piter,189
2606,Adigea,240
2607,Tiva,777
2608,chuvashia,424
2609,Amur,116
2610,chuvashia,550
2611,Stavropol,123
2612,Kirov,147
2613,chuvashia,165
2614,Stavropol,910
2615,Udmurtia,83
2616,Stavropol,476
2617, Altai,340
2618,Tiva,523
2619,Tatarstan,804
2620,Krasnoyarsk,846
2621,Krasnoyarsk,550
2622,Moscow,351
2623,Krasnodar,892
2624,Tatarstan,77
2625,Bashkiria,289
2626,Piter,712
2627,Kirov,196
2628,Moscow,53
2629,chuvashia,510
2630,Moscow,222
2631,Krasnoyarsk,385
2632,Udmurtia,526
2633,Moscow,100
2634,chuvashia,968
2635,Bransk,710
2636,Krasnodar,399
2637,Piter,157
2638,Adigea,522
2639,Tatarstan,944
2640,Tiva,379
2641,Amur,328
2642,Udmurtia,36
2643,Amur,567
2644, Altai,405
2645,Moscow,336
2646,Bashkiria,99
2647,Yacutia,442
2648,Piter,655
2649,Stavropol,415
2650,Hakasia,900
2651,Moscow,611
2652,Bransk,389
2653,Yacutia,89
2654,Krasnodar,899
2655,Amur,466
2656,Bransk,940
2657,Yacutia,726
2658,Amur,282
2659, Altai,113
2660,Kirov,145
2661,Adigea,19
2662,Bransk,540
2663,Moscow,323
2664,Yacutia,314
2665,chuvashia,86
2666,Stavropol,178
2667,Bashkiria,681
2668,Amur,259
2669,Bashkiria,883
2670,Adigea,716
2671, Altai,839
2672,Adigea,41
2673,Tiva,153
2674,Krasnodar,217
2675,Yacutia,219
2676,Adigea,446
2677,Adigea,232
2678, Altai,509
2679,Kirov,822
2680,Amur,146
2681,Adigea,487
2682,Piter,212
2683,Moscow,283
2684,Bashkiria,277
2685,chuvashia,951
2686,Yacutia,445
2687,Krasnodar,547
2688,Amur,271
2689,Kirov,115
2690,Moscow,332
2691,Tiva,840
2692,Kirov,401
2693,Krasnoyarsk,434
2694,Stavropol,953
2695,Udmurtia,954
2696,Krasnodar,540
2697, Altai,400
2698,Udmurtia,476
2699,Yacutia,8
2700,Krasnoyarsk,862
2701,Bashkiria,910
2702,Amur,406
2703,Stavropol,628
2704,Krasnoyarsk,656
2705,Krasnoyarsk,433
2706,Krasnodar,335
2707,Moscow,759
2708,Krasnodar,357
2709, Altai,757
2710,Krasnodar,15
2711,Tiva,476
2712,Stavropol,179
2713,Adigea,348
2714,Amur,432
2715,Tiva,60
2716,Stavropol,536
2717,Tiva,795
2718,Stavropol,383
2719,Bransk,11
2720,Yacutia,259
2721,Yacutia,673
2722,Tatarstan,632
2723,Kirov,757
2724,Krasnodar,722
2725,Yacutia,46
2726,chuvashia,771
2727,Stavropol,827
2728,Krasnoyarsk,923
2729,chuvashia,683
2730,Piter,692
2731,Adigea,720
2732,Bransk,365
2733,Krasnoyarsk,876
2734,Hakasia,485
2735,Udmurtia,112
2736,Bransk,711
2737,Tatarstan,171
2738,Tatarstan,353
2739,Moscow,608
2740,Piter,646
2741,Bashkiria,523
2742,Krasnodar,33
2743,Adigea,981
2744,chuvashia,175
2745,Kirov,681
2746,Krasnoyarsk,481
2747,Krasnoyarsk,884
2748,Piter,619
2749, Altai,364
2750,Yacutia,424
2751,chuvashia,774
2752,Krasnodar,188
2753,Krasnoyarsk,564
2754,Kirov,1000
2755,Krasnodar,901
2756,Bransk,423
2757,Moscow,9
2758,Bransk,98
2759,Udmurtia,597
2760,Hakasia,534
2761,Tatarstan,586
2762,chuvashia,504
2763,Krasnoyarsk,296
2764,Amur,919
2765, Altai,944
2766,Bransk,612
2767,Bransk,158
2768,Hakasia,248
2769,chuvashia,788
2770,Piter,623
2771,Piter,301
2772,Krasnoyarsk,437
2773,Udmurtia,604
2774,Tiva,805
2775,Tatarstan,232
2776,Krasnodar,265
2777,Kirov,165
2778,Amur,876
2779, Altai,5
2780,Krasnoyarsk,111
2781,Piter,738
2782,Amur,603
2783,Yacutia,467
2784,Tatarstan,476
2785, Altai,967
2786,Amur,13
2787,Kirov,576
2788,Yacutia,358
2789,Udmurtia,468
2790,Bransk,380
2791,Kirov,508
2792,Hakasia,449
2793,Bransk,503
2794,Tiva,384
2795,Moscow,558
2796,Tiva,972
2797,Krasnodar,305
2798,Tatarstan,48
2799, Altai,375
2800,chuvashia,649
2801,Yacutia,203
2802,chuvashia,416
2803,chuvashia,446
2804,Krasnodar,885
2805,Piter,280
2806,Adigea,587
2807,Hakasia,297
2808,Piter,252
2809,Moscow,792
2810,Adigea,709
2811,Hakasia,992
2812, Altai,348
2813,Yacutia,16
2814,Adigea,85
2815,Adigea,691
2816,Bransk,518
2817,Adigea,433
2818,Bransk,985
2819,Krasnodar,916
2820,Hakasia,101
2821,Amur,449
2822,Hakasia,682
2823, Altai,641
2824,Yacutia,45
2825,Tiva,370
2826,Udmurtia,830
2827,Udmurtia,227
2828,Krasnoyarsk,963
2829,Adigea,79
2830, Altai,506
2831,Hakasia,478
2832,chuvashia,372
2833,Tatarstan,947
2834,Yacutia,464
2835,Krasnodar,887
2836,Adigea,120
2837,Moscow,701
2838,Udmurtia,230
2839,Bashkiria,209
2840,Tatarstan,2
2841,Stavropol,813
2842,Amur,365
2843,Hakasia,282
2844,Adigea,149
2845,Piter,951
2846,Stavropol,435
2847,Moscow,82
2848,Amur,879
2849,Adigea,631
2850,Kirov,983
2851,Udmurtia,424
2852,Kirov,911
2853,Stavropol,704
2854,Udmurtia,109
2855,Tatarstan,444
2856, Altai,295
2857,Krasnoyarsk,133
2858,Bransk,542
2859,Moscow,322
2860,Adigea,575
2861,Udmurtia,68
2862,Piter,562
2863, Altai,211
2864,Bransk,765
2865,Krasnodar,193
2866,Yacutia,828
2867,chuvashia,953
2868,chuvashia,250
2869,Krasnoyarsk,127
2870,Stavropol,248
2871,Tatarstan,426
2872, Altai,648
2873,Kirov,163
2874,Krasnodar,22
2875,Hakasia,251
2876,Adigea,492
2877,Adigea,306
2878,Bransk,210
2879,Piter,454
2880,Krasnodar,361
2881,Krasnodar,549
2882,Bashkiria,256
2883,Bashkiria,473
2884,Krasnodar,126
2885,Stavropol,772
2886,Hakasia,616
2887,Hakasia,263
2888,Amur,957
2889,Adigea,426
2890,Stavropol,154
2891,Adigea,264
2892,Tatarstan,829
2893,Krasnodar,280
2894,Piter,242
2895,Udmurtia,261
2896,chuvashia,337
2897,Krasnoyarsk,243
2898,Tatarstan,512
2899,Krasnoyarsk,2
2900,Yacutia,975
2901, Altai,921
2902,Yacutia,585
2903,Moscow,653
2904,Hakasia,201
2905,Hakasia,769
2906,Adigea,704
2907,Tiva,783
2908,Krasnoyarsk,707
2909,Bransk,623
2910,Yacutia,102
2911,Piter,423
2912,Udmurtia,697
2913,Krasnoyarsk,613
2914,Moscow,279
2915,Tatarstan,718
2916,Krasnoyarsk,396
2917,chuvashia,870
2918,Hakasia,13
2919,chuvashia,645
2920,Yacutia,829
2921,chuvashia,879
2922,Piter,725
2923,Kirov,232
2924,Kirov,492
2925,Udmurtia,717
2926,Stavropol,560
2927,Moscow,329
2928,Hakasia,803
2929,Tiva,70
2930,Stavropol,675
2931,Bransk,119
2932,Stavropol,975
2933,Moscow,618
2934,Udmurtia,822
2935,Yacutia,942
2936,chuvashia,447
2937,Bashkiria,409
2938,Yacutia,658
2939,Tiva,261
2940, Altai,990
2941,Moscow,89
2942,Tiva,433
2943,Yacutia,54
2944,Stavropol,45
2945,Udmurtia,7
2946,Adigea,279
2947,Yacutia,810
2948,Adigea,467
2949,Udmurtia,817
2950,Tiva,448
2951,Adigea,376
2952,Tiva,77
2953,Piter,561
2954,Tatarstan,501
2955,Kirov,66
2956,Kirov,660
2957,Udmurtia,698
2958, Altai,291
2959,Udmurtia,366
2960,Kirov,392
2961,Bransk,812
2962, Altai,114
2963,Yacutia,158
2964,Bashkiria,288
2965,Adigea,676
2966,Tiva,831
2967, Altai,233
2968,Moscow,513
2969,Hakasia,330
2970,Piter,917
2971,Tiva,950
2972,Tatarstan,87
2973,Bashkiria,298
2974,Udmurtia,669
2975, Altai,441
2976,Bashkiria,111
2977,Krasnodar,17
2978,Adigea,974
2979,chuvashia,63
2980, Altai,646
2981,Bransk,112
2982,Udmurtia,273
2983, Altai,281
2984,Krasnodar,308
2985,Piter,634
2986,Tiva,129
2987,Tatarstan,660
2988,Tatarstan,883
2989,Moscow,995
2990,Tatarstan,787
2991,Bashkiria,278
2992,Krasnoyarsk,519
2993, Altai,755
2994,Piter,334
2995,Bashkiria,454
2996,Hakasia,42
2997,chuvashia,221
2998, Altai,825
2999,Bransk,124
3000,Amur,311
3001,Krasnoyarsk,451
3002,Tiva,478
3003,Hakasia,969
3004,Adigea,86
3005,Moscow,307
3006,Krasnodar,320
3007,Bransk,184
3008,Stavropol,747
3009,Yacutia,117
3010,Krasnodar,112
3011,Piter,100
3012,Kirov,27
3013,Kirov,81
3014,Tatarstan,440
3015,Tatarstan,865
3016,Moscow,16
3017,Udmurtia,894
3018,Stavropol,415
3019,Tiva,845
3020,Krasnoyarsk,35
3021, Altai,51
3022,Kirov,623
3023,Krasnoyarsk,76
3024,Amur,178
3025,Yacutia,851
3026,Bransk,619
3027,Piter,735
3028,Kirov,285
3029,chuvashia,565
3030,Kirov,25
3031,Krasnoyarsk,936
3032,Tatarstan,685
3033,Krasnodar,324
3034,Stavropol,919
3035,chuvashia,441
3036,Krasnodar,792
3037,Piter,203
3038,Kirov,384
3039,Yacutia,611
3040,Piter,670
3041,Adigea,244
3042,Hakasia,318
3043,Amur,858
3044,Yacutia,778
3045,Hakasia,729
3046,Kirov,958
3047,Moscow,418
3048,Stavropol,665
3049,Bransk,456
3050,Piter,8
3051,Tatarstan,287
3052, Altai,112
3053,Adigea,297
3054,Yacutia,194
3055,Krasnoyarsk,405
3056,chuvashia,597
3057,Udmurtia,493
3058, Altai,307
3059, Altai,442
3060,Kirov,550
3061,Tiva,216
3062,Hakasia,295
3063, Altai,768
3064, Altai,123
3065,Amur,579
3066,Piter,97
3067,Tatarstan,346
3068,Yacutia,35
3069,chuvashia,730
3070,Udmurtia,772
3071,Krasnoyarsk,313
3072,Krasnodar,152
3073,Tiva,997
3074,Moscow,677
3075,Kirov,340
3076,Amur,161
3077,Moscow,858
3078,Tatarstan,878
3079,chuvashia,773
3080, Altai,13
3081,Krasnoyarsk,106
3082,Adigea,448
3083,Piter,797
3084,Piter,622
3085,Krasnodar,525
3086,Moscow,598
3087,Amur,326
3088,Udmurtia,147
3089,Piter,682
3090,Udmurtia,874
3091,Tiva,946
3092,Tiva,571
3093,Amur,350
3094,Krasnodar,78
3095,Amur,416
3096,Yacutia,100
3097,Udmurtia,91
3098,Piter,479
3099,Yacutia,52
3100,Yacutia,95
3101,Amur,691
3102,Udmurtia,121
3103,Amur,509
3104,Krasnoyarsk,800
3105,Bransk,706
3106, Altai,711
3107,Moscow,548
3108,Adigea,383
3109,Bashkiria,346
3110,Bashkiria,906
3111,Udmurtia,279
3112,Krasnodar,599
3113,chuvashia,713
3114,Bashkiria,130
3115,Adigea,973
3116,Kirov,909
3117,Stavropol,279
3118,Krasnoyarsk,446
3119,Adigea,408
3120,Udmurtia,298
3121,Bashkiria,696
3122,Bashkiria,509
3123,chuvashia,544
3124,Yacutia,861
3125,Yacutia,927
3126,Stavropol,547
3127,Yacutia,258
3128,Stavropol,157
3129,Bashkiria,977
3130,Adigea,989
3131, Altai,918
3132,Adigea,379
3133,Moscow,305
3134,Piter,42
3135,Piter,836
3136,Hakasia,317
3137,Moscow,389
3138,Bransk,195
3139,Bashkiria,711
3140,Tiva,614
3141,Udmurtia,371
3142,Tatarstan,137
3143, Altai,320
3144,Udmurtia,818
3145, Altai,165
3146,Amur,549
3147,Hakasia,913
3148,Krasnoyarsk,113
3149,Moscow,499
3150,Kirov,540
3151,Hakasia,663
3152,Tatarstan,426
3153,Hakasia,919
3154,Moscow,45
3155,Krasnodar,402
3156,Bashkiria,5
3157,Krasnodar,486
3158,Yacutia,638
3159,chuvashia,322
3160,Tatarstan,491
3161, Altai,459
3162,Adigea,440
3163,Tiva,491
3164,Piter,758
3165,Moscow,85
3166,Hakasia,265
3167,Moscow,287
3168,Kirov,491
3169,Hakasia,959
3170,Krasnodar,780
3171,chuvashia,106
3172,Tatarstan,593
3173,Tiva,360
3174,Adigea,141
3175,Piter,56
3176,Yacutia,359
3177,Hakasia,895
3178,Krasnodar,773
3179,Krasnodar,759
3180,Krasnoyarsk,882
3181,Bashkiria,275
3182,Bransk,342
3183,chuvashia,924
3184,Udmurtia,995
3185,Tiva,153
3186,Yacutia,112
3187,Hakasia,938
3188,Udmurtia,599
3189,Tiva,277
3190,Krasnoyarsk,72
3191,Krasnoyarsk,184
3192,Tiva,494
3193,Bransk,254
3194,Udmurtia,505
3195,Adigea,979
3196,Krasnodar,865
3197,Bashkiria,119
3198,Bransk,680
3199,Udmurtia,159
3200,Bransk,246
3201,Udmurtia,871
3202,Kirov,43
3203,Adigea,644
3204,Tiva,224
3205,Kirov,381
3206,Tiva,482
3207,Moscow,567
3208,Bransk,882
3209,Amur,580
3210,chuvashia,491
3211,Bashkiria,151
3212,Moscow,383
3213,Yacutia,53
3214,Udmurtia,637
3215,Krasnodar,286
3216,chuvashia,752
3217,Tatarstan,388
3218,Yacutia,298
3219, Altai,899
3220,Stavropol,561
3221,Kirov,664
3222,Moscow,841
3223,Piter,974
3224,chuvashia,419
3225,Hakasia,535
3226,Krasnodar,945
3227,Piter,920
3228,Yacutia,731
3229,Udmurtia,665
3230,Krasnodar,567
3231,Tatarstan,584
3232,Stavropol,862
3233,Moscow,562
3234,Adigea,648
3235,Tiva,467
3236,Krasnodar,737
3237, Altai,780
3238,Udmurtia,920
3239,Krasnoyarsk,881
3240,chuvashia,574
3241, Altai,265
3242,Yacutia,250
3243,Krasnoyarsk,531
3244,Kirov,734
3245,Udmurtia,719
3246, Altai,626
3247,Moscow,463
3248,Krasnoyarsk,679
3249,Yacutia,842
3250, Altai,103
3251,Krasnoyarsk,537
3252,Tiva,605
3253,Bransk,12
3254,Bashkiria,746
3255,Moscow,481
3256,Tatarstan,950
3257, Altai,927
3258,Adigea,116
3259,Piter,448
3260,Piter,505
3261,Amur,976
3262,Bashkiria,961
3263,Piter,881
3264,Tatarstan,117
3265,Adigea,582
3266,Stavropol,947
3267,Adigea,963
3268,Tiva,629
3269, Altai,334
3270,Piter,98
3271,Adigea,413
3272,Tiva,483
3273,Tatarstan,920
3274,Stavropol,84
3275,Adigea,290
3276,Hakasia,754
3277,Hakasia,451
3278,chuvashia,814
3279,Kirov,929
3280,Tiva,94
3281,Udmurtia,694
3282, Altai,914
3283,Bransk,351
3284,Yacutia,959
3285,Tatarstan,204
3286,Amur,836
3287,Stavropol,812
3288, Altai,188
3289,Piter,163
3290,Krasnodar,807
3291,Kirov,548
3292,Bashkiria,953
3293,Yacutia,469
3294, Altai,610
3295,Adigea,818
3296,Adigea,450
3297,Krasnoyarsk,161
3298,Bransk,226
3299,Bashkiria,676
3300, Altai,647
3301,Tatarstan,736
3302,Yacutia,255
3303,Hakasia,565
3304,Tatarstan,230
3305,Kirov,743
3306,Amur,653
3307,Tiva,901
3308,Yacutia,833
3309,Piter,155
3310,Bransk,888
3311,Krasnodar,175
3312,Stavropol,753
3313,chuvashia,479
3314,Tatarstan,217
3315,Yacutia,945
3316,Adigea,951
3317,Amur,633
3318,Yacutia,621
3319,Bransk,198
3320,chuvashia,743
3321,Hakasia,322
3322,Piter,756
3323,Krasnoyarsk,840
3324,Amur,582
3325,Bransk,458
3326,Stavropol,602
3327,Udmurtia,451
3328,Bashkiria,718
3329,Stavropol,768
3330,Krasnoyarsk,698
3331,Tatarstan,368
3332,chuvashia,617
3333,Tatarstan,305
3334,Moscow,443
3335,Yacutia,316
3336,Adigea,772
3337,Krasnoyarsk,642
3338,Amur,775
3339,Amur,277
3340,Piter,911
3341,Krasnodar,413
3342,Krasnoyarsk,47
3343,Udmurtia,442
3344,Piter,402
3345,Piter,753
3346,Amur,284
3347,Bransk,446
3348,Bransk,551
3349,chuvashia,141
3350,chuvashia,691
3351,Hakasia,931
3352,Tatarstan,700
3353,Amur,802
3354,Tiva,910
3355,Piter,372
3356,Udmurtia,251
3357,Bransk,155
3358,Bashkiria,440
3359,Yacutia,214
3360,Udmurtia,305
3361,chuvashia,783
3362,Krasnoyarsk,908
3363,Moscow,703
3364,Stavropol,65
3365,Kirov,611
3366,Kirov,69
3367,Hakasia,886
3368,Adigea,558
3369,Hakasia,434
3370,Krasnodar,420
3371,Yacutia,155
3372,Krasnoyarsk,801
3373,Udmurtia,218
3374,Moscow,763
3375,Bashkiria,182
3376,Tatarstan,458
3377,Kirov,622
3378,Moscow,980
3379,Hakasia,417
3380,Moscow,313
3381,Stavropol,214
3382,Stavropol,213
3383,Krasnodar,377
3384,chuvashia,869
3385,Yacutia,990
3386,Udmurtia,470
3387,Hakasia,100
3388,Piter,650
3389,Tatarstan,807
3390,Stavropol,956
3391,Amur,443
3392,Kirov,820
3393,Bransk,705
3394,Udmurtia,725
3395,Amur,460
3396,Moscow,84
3397,Kirov,980
3398,Bashkiria,575
3399,chuvashia,539
3400,Krasnodar,704
3401,Tiva,774
3402,Hakasia,558
3403,Moscow,485
3404,Moscow,886
3405,Bransk,284
3406,Stavropol,859
3407,Krasnodar,134
3408,Tatarstan,781
3409,Udmurtia,967
3410,Moscow,572
3411,Adigea,302
3412,Adigea,168
3413,Kirov,328
3414,Tiva,178
3415,Krasnodar,957
3416,Bashkiria,312
3417,Yacutia,10
3418,Moscow,993
3419,Bransk,536
3420,Amur,949
3421, Altai,397
3422,Amur,613
3423,Udmurtia,43
3424,Krasnoyarsk,947
3425,Adigea,732
3426,Kirov,506
3427,Stavropol,128
3428,Kirov,726
3429,Adigea,781
3430,Adigea,457
3431,Kirov,382
3432,Kirov,783
3433,Yacutia,627
3434,Hakasia,497
3435,Stavropol,827
3436,Hakasia,442
3437,Krasnoyarsk,503
3438,Adigea,343
3439,Bransk,711
3440,Krasnodar,514
3441,Stavropol,355
3442,Piter,953
3443,Yacutia,803
3444,Krasnodar,941
3445, Altai,2
3446,Krasnodar,469
3447,Piter,71
3448,Moscow,850
3449,Krasnoyarsk,202
3450,Hakasia,877
3451,Bransk,429
3452, Altai,194
3453,Krasnoyarsk,400
3454,Udmurtia,576
3455,Bashkiria,619
3456,chuvashia,616
3457,Bashkiria,56
3458,Udmurtia,387
3459,Bashkiria,350
3460,Tiva,940
3461,Bransk,197
3462,Kirov,652
3463,Tatarstan,786
3464,Stavropol,203
3465,Krasnoyarsk,744
3466,chuvashia,841
3467,Udmurtia,904
3468,chuvashia,249
3469,Tatarstan,922
3470,Amur,662
3471,Yacutia,25
3472,Bashkiria,477
3473,chuvashia,466
3474,Kirov,799
3475,Tatarstan,762
3476,Amur,518
3477,Piter,64
3478,Krasnodar,649
3479, Altai,694
3480,Krasnoyarsk,187
3481,Adigea,427
3482,Amur,805
3483,Hakasia,218
3484,Udmurtia,265
3485,Piter,296
3486,chuvashia,440
3487,Kirov,425
3488,Yacutia,498
3489,Udmurtia,248
3490, Altai,159
3491,Tatarstan,431
3492,Krasnoyarsk,287
3493,Adigea,164
3494,Moscow,346
3495,Krasnodar,996
3496,chuvashia,877
3497,Amur,661
3498,chuvashia,348
3499,Tatarstan,569
3500,Piter,484
3501,Tatarstan,511
3502,Amur,833
3503,Udmurtia,409
3504,Hakasia,458
3505,Amur,891
3506,Stavropol,147
3507,Yacutia,628
3508,chuvashia,807
3509,Bashkiria,582
3510,Amur,255
3511,Tatarstan,649
3512,Bransk,797
3513,Stavropol,499
3514,Krasnoyarsk,644
3515,Hakasia,273
3516,Krasnodar,616
3517,Piter,728
3518,Piter,729
3519,Tatarstan,558
3520,Kirov,780
3521,Bashkiria,514
3522,Tatarstan,636
3523,Tiva,211
3524,Stavropol,93
3525,Bashkiria,840
3526,Krasnodar,243
3527,Yacutia,245
3528,Krasnodar,216
3529,Tiva,79
3530,Piter,366
3531,Bransk,670
3532,Bransk,245
3533,Adigea,971
3534,Stavropol,76
3535,Hakasia,126
3536,chuvashia,638
3537,Tiva,292
3538,Kirov,271
3539,Kirov,166
3540,Yacutia,724
3541, Altai,415
3542,Bashkiria,786
3543,Krasnoyarsk,492
3544,Udmurtia,345
3545,Bransk,862
3546,Tiva,382
3547,chuvashia,687
3548,Krasnoyarsk,373
3549,chuvashia,570
3550,Amur,959
3551,chuvashia,845
3552,Piter,375
3553,Tiva,442
3554,Krasnodar,147
3555,Stavropol,458
3556,Amur,493
3557,Udmurtia,70
3558,Bransk,707
3559,Bransk,858
3560,Stavropol,398
3561,Hakasia,822
3562,Hakasia,869
3563,Udmurtia,453
3564,Udmurtia,537
3565,Tiva,837
3566,Udmurtia,217
3567,Bransk,538
3568,Tiva,203
3569,Hakasia,766
3570,Tiva,276
3571,Hakasia,297
3572,Amur,831
3573,Kirov,809
3574, Altai,767
3575, Altai,885
3576,Amur,558
3577,Udmurtia,3
3578,Krasnoyarsk,835
3579,Udmurtia,602
3580,Adigea,797
3581,Bashkiria,247
3582,Stavropol,648
3583,Tiva,169
3584, Altai,490
3585,Kirov,601
3586,Bransk,392
3587,Udmurtia,655
3588,Bransk,389
3589,Yacutia,378
3590,Tatarstan,801
3591,Bransk,576
3592,Yacutia,346
3593, Altai,759
3594,Adigea,901
3595,Tatarstan,145
3596,Bransk,225
3597,Bashkiria,232
3598,Bashkiria,802
3599,Hakasia,498
3600,Tiva,293
3601,Piter,752
3602,chuvashia,406
3603,Moscow,160
3604, Altai,52
3605,Hakasia,825
3606,Yacutia,976
3607,Hakasia,881
3608,Tiva,529
3609,Moscow,210
3610,Udmurtia,934
3611,Bransk,277
3612,Piter,188
3613,Udmurtia,914
3614,Krasnodar,163
3615,Piter,926
3616,Moscow,315
3617,Amur,650
3618,Piter,380
3619,Krasnodar,816
3620,Tatarstan,55
3621,Udmurtia,584
3622,Adigea,286
3623,Tiva,86
3624,Krasnoyarsk,640
3625,Kirov,296
3626,Moscow,911
3627,chuvashia,432
3628,Tiva,606
3629, Altai,203
3630,Hakasia,958
3631,Krasnoyarsk,475
3632,Stavropol,82
3633,Adigea,741
3634,Bransk,663
3635,Amur,297
3636,Piter,913
3637,Tatarstan,242
3638,Adigea,618
3639,Krasnoyarsk,421
3640,chuvashia,747
3641,Tiva,503
3642,Tatarstan,439
3643,Hakasia,900
3644,Bashkiria,945
3645, Altai,41
3646,Yacutia,818
3647,Stavropol,960
3648,Udmurtia,314
3649,Kirov,142
3650,Tatarstan,461
3651,Piter,322
3652,Moscow,376
3653,Yacutia,926
3654,chuvashia,952
3655,Yacutia,109
3656,Udmurtia,953
3657,Kirov,377
3658,Tiva,308
3659,Tiva,655
3660,Hakasia,866
3661,Adigea,526
3662,Bransk,191
3663,Piter,848
3664,Kirov,465
3665,Kirov,412
3666,Krasnodar,515
3667,Amur,362
3668,Bransk,933
3669,Krasnodar,690
3670,Bashkiria,148
3671,Piter,346
3672,Krasnoyarsk,745
3673,Udmurtia,420
3674,Hakasia,271
3675,Moscow,396
3676,Bransk,814
3677,Tiva,710
3678,Moscow,497
3679,chuvashia,107
3680,Bransk,460
3681,Krasnodar,255
3682,Tatarstan,467
3683,Adigea,426
3684,Adigea,518
3685,Tatarstan,599
3686,Hakasia,110
3687,Yacutia,547
3688,chuvashia,465
3689,Stavropol,282
3690,Krasnodar,519
3691,chuvashia,393
3692,Hakasia,839
3693,Udmurtia,716
3694,Tatarstan,202
3695,Tiva,509
3696,Bashkiria,832
3697,Stavropol,624
3698,Stavropol,992
3699,Moscow,859
3700,Tatarstan,131
3701,Amur,59
3702,Hakasia,435
3703,Adigea,802
3704,Bransk,883
3705,Krasnoyarsk,29
3706,Udmurtia,750
3707,Yacutia,719
3708,Adigea,940
3709,Bransk,771
3710,chuvashia,434
3711,Moscow,961
3712, Altai,573
3713,Tatarstan,854
3714,Amur,906
3715, Altai,236
3716,Piter,20
3717,Stavropol,845
3718,Kirov,850
3719,Amur,43
3720,Hakasia,1000
3721,Piter,13
3722,Bransk,475
3723,chuvashia,973
3724,Kirov,570
3725, Altai,267
3726, Altai,210
3727,Tiva,438
3728,Udmurtia,335
3729, Altai,223
3730,Tatarstan,972
3731,Krasnodar,627
3732,Piter,529
3733, Altai,402
3734, Altai,734
3735,Tatarstan,858
3736,Udmurtia,445
3737,Udmurtia,614
3738,Piter,445
3739,Moscow,7
3740,Stavropol,204
3741,chuvashia,888
3742,Bransk,177
3743, Altai,732
3744,Stavropol,663
3745,Krasnoyarsk,918
3746,Moscow,890
3747,chuvashia,294
3748,Tiva,718
3749,Krasnoyarsk,699
3750,Tatarstan,720
3751,Krasnoyarsk,718
3752,Kirov,656
3753,Stavropol,765
3754,Krasnodar,548
3755,Amur,38
3756,Kirov,220
3757,Udmurtia,998
3758,Stavropol,234
3759,Krasnoyarsk,151
3760,Yacutia,199
3761,Udmurtia,229
3762,Yacutia,68
3763, Altai,221
3764,Krasnodar,850
3765, Altai,973
3766,Kirov,452
3767,Moscow,490
3768,Krasnodar,267
3769,Krasnoyarsk,423
3770,chuvashia,427
3771,Tiva,280
3772,chuvashia,835
3773,Tatarstan,713
3774,Tatarstan,72
3775, Altai,101
3776,Stavropol,210
3777,chuvashia,277
3778,Bashkiria,500
3779,Bashkiria,319
3780,Moscow,285
3781,Krasnodar,156
3782,Piter,268
3783,Stavropol,939
3784,Moscow,149
3785,Udmurtia,163
3786,Hakasia,405
3787,Adigea,556
3788, Altai,353
3789,Kirov,747
3790,Tiva,751
3791,Piter,770
3792,Tatarstan,175
3793,Adigea,106
3794,Tiva,738
3795,Amur,618
3796,Krasnodar,646
3797,Moscow,150
3798,chuvashia,461
3799,Krasnodar,836
3800, Altai,940
3801,Bashkiria,795
3802,chuvashia,716
3803,Stavropol,150
3804,Moscow,823
3805,Kirov,819
3806,Tiva,819
3807,Stavropol,689
3808,Piter,487
3809,Piter,977
3810,Udmurtia,126
3811,Hakasia,758
3812,Krasnodar,110
3813,Bransk,388
3814,Tiva,205
3815,Adigea,189
3816,Tatarstan,928
3817, Altai,578
3818,Krasnoyarsk,729
3819,Adigea,833
3820,Krasnoyarsk,932
3821,Tatarstan,856
3822,Krasnoyarsk,784
3823,Yacutia,534
3824,Hakasia,692
3825,Bashkiria,277
3826,Stavropol,885
3827,Krasnoyarsk,142
3828,Hakasia,696
3829,Moscow,489
3830,Tatarstan,493
3831,chuvashia,500
3832,Bashkiria,13
3833, Altai,238
3834, Altai,421
3835,Tatarstan,210
3836,Piter,532
3837,Stavropol,830
3838,Krasnodar,68
3839,Bashkiria,72
3840,Tatarstan,567
3841,Yacutia,83
3842,Bashkiria,41
3843,chuvashia,722
3844, Altai,896
3845,Piter,395
3846,Stavropol,484
3847,Yacutia,467
3848,Amur,729
3849,Bransk,750
3850,Kirov,769
3851,Yacutia,134
3852,Hakasia,59
3853,Moscow,405
3854,Stavropol,211
3855,Bransk,500
3856,Udmurtia,336
3857,Stavropol,225
3858, Altai,985
3859,Piter,850
3860,Moscow,608
3861,Bransk,517
3862,Amur,274
3863,Tiva,860
3864,Adigea,968
3865,Bashkiria,317
3866,Krasnodar,431
3867,Moscow,283
3868,Hakasia,10
3869,Kirov,921
3870,Piter,204
3871,Adigea,739
3872,Stavropol,882
3873,Moscow,501
3874,Bransk,304
3875,Adigea,113
3876,Udmurtia,912
3877,Amur,269
3878,Krasnodar,696
3879,chuvashia,679
3880,Stavropol,996
3881,Krasnodar,196
3882,Stavropol,218
3883,Piter,647
3884,Piter,817
3885,Hakasia,122
3886,Adigea,508
3887,Bashkiria,242
3888,Bashkiria,931
3889,Tatarstan,361
3890,Krasnoyarsk,820
3891,Yacutia,932
1,Tiva,728
2,Stavropol,696
3,Moscow,609
4,Tatarstan,518
5,Bashkiria,353
6,Bashkiria,195
7,Krasnoyarsk,937
8,chuvashia,201
9,Piter,561
10,Udmurtia,928
11,Amur,714
12,Bransk,918
13,chuvashia,491
14,Tiva,892
15, Altai,577
16,Kirov,209
17,Tatarstan,402
18,Hakasia,937
19,Bransk,434
20,Bashkiria,699
21,Krasnoyarsk,691
22,Bransk,723
23,Bashkiria,183
24,Krasnodar,146
25,Yacutia,652
26,Moscow,413
27,Udmurtia,635
28,Amur,266
29,Adigea,1
30,Yacutia,706
31,chuvashia,533
32,Bashkiria,858
33,Krasnoyarsk,38
34,Tiva,451
35,Yacutia,361
36,Yacutia,2
37,Amur,373
38, Altai,372
39,Tiva,757
40,Tiva,214
41,chuvashia,518
42,Piter,527
43,Yacutia,854
44,Bransk,254
45,Bransk,400
46,Amur,998
47,Stavropol,499
48,Tiva,564
49, Altai,892
50,Tatarstan,581
51,Moscow,816
52,Adigea,908
53,Kirov,698
54,chuvashia,842
55,Piter,322
56,Udmurtia,32
57,Hakasia,258
58,Yacutia,858
59,Moscow,74
60,Kirov,306
61,Krasnodar,542
62,Udmurtia,310
63,Udmurtia,234
64,Adigea,215
65,chuvashia,496
66,Krasnoyarsk,74
67,Bashkiria,322
68,Piter,943
69,Stavropol,934
70,Tatarstan,918
71,Kirov,349
72,Kirov,681
73,Krasnoyarsk,971
74,Tiva,928
75,Amur,481
76,Stavropol,148
77,Hakasia,20
78,Tatarstan,864
79,chuvashia,280
80,Piter,570
81, Altai,88
82,Krasnodar,231
83,Udmurtia,675
84,Stavropol,338
85,Hakasia,565
86,Stavropol,181
87,Adigea,48
88,Amur,12
89,Bransk,517
90,Amur,121
91, Altai,234
92,Kirov,601
93,Kirov,268
94,Krasnoyarsk,141
95,Bransk,189
96,Bashkiria,369
97,Tiva,581
98, Altai,460
99,Tatarstan,275
100,Adigea,496
101,Udmurtia,780
102,chuvashia,712
103,Tiva,289
104,Yacutia,5
105,Stavropol,43
106,Tiva,141
107,Piter,872
108,Krasnoyarsk,314
109,Stavropol,278
110,Tiva,84
111,Bashkiria,780
112,Kirov,61
113,Amur,855
114,chuvashia,610
115,Hakasia,663
116,Krasnodar,91
117,Kirov,387
118,Stavropol,687
119,chuvashia,389
120,Tatarstan,345
121,Krasnodar,95
122,Krasnodar,526
123,Krasnoyarsk,588
124,Kirov,214
125,Amur,13
126,Bransk,64
127,Adigea,594
128,Krasnoyarsk,668
129,Krasnodar,465
130,Tiva,536
131,Bransk,456
132,Hakasia,551
133,Udmurtia,871
134,Stavropol,862
135,Moscow,92
136,Tatarstan,843
137,Moscow,774
138,Moscow,366
139,Moscow,386
140,Amur,567
141,Tiva,528
142,Krasnoyarsk,591
143,Kirov,383
144,Kirov,870
145,Udmurtia,7
146,Hakasia,288
147,Krasnodar,427
148,Hakasia,656
149,chuvashia,284
150,Krasnodar,411
151,Moscow,482
152,Amur,74
153, Altai,433
154,Moscow,417
155,Adigea,992
156,Moscow,333
157,Hakasia,507
158,Moscow,723
159,Kirov,822
160,Bashkiria,40
161,Moscow,162
162,Krasnodar,76
163,Krasnodar,425
164,Udmurtia,996
165,Bransk,85
166,Hakasia,592
167,Krasnodar,600
168,Bransk,921
169,Krasnoyarsk,918
170,Hakasia,139
171,Amur,279
172,Udmurtia,913
173,Tiva,842
174,Udmurtia,147
175,Tiva,325
176,Bransk,148
177,Tiva,966
178,Hakasia,373
179,Bransk,739
180, Altai,915
181, Altai,964
182,Yacutia,587
183,Bashkiria,87
184, Altai,757
185,Yacutia,470
186,Krasnodar,182
187,Piter,267
188,Hakasia,168
189,Krasnodar,704
190,Udmurtia,832
191,Kirov,211
192,chuvashia,554
193,Kirov,693
194,Krasnoyarsk,42
195,Yacutia,690
196,Krasnodar,886
197,Stavropol,294
198,Kirov,340
199,Krasnoyarsk,680
200,Yacutia,554
201,Krasnodar,537
202,chuvashia,382
203,Tiva,392
204,Krasnodar,546
205, Altai,650
206,Amur,737
207,Tatarstan,860
208,Moscow,473
209, Altai,96
210,Piter,64
211,Kirov,71
212,Udmurtia,459
213,Bransk,138
214,Krasnodar,538
215,Moscow,968
216,Hakasia,101
217,Bashkiria,537
218,Krasnodar,546
219,Amur,725
220,Yacutia,545
221,Bashkiria,885
222,Hakasia,493
223,Hakasia,432
224,Udmurtia,863
225,Krasnodar,56
226,Moscow,324
227,Piter,683
228,Krasnoyarsk,332
229,Bashkiria,964
230,Krasnoyarsk,633
231,Amur,403
232,Krasnoyarsk,352
233,Yacutia,246
234,Hakasia,504
235,Adigea,421
236,Adigea,134
237,Yacutia,278
238, Altai,166
239,Tatarstan,775
240, Altai,588
241,Bransk,939
242,Stavropol,262
243,Krasnodar,93
244, Altai,176
245,Krasnodar,200
246,Bashkiria,868
247,Udmurtia,349
248,Stavropol,436
249,Tatarstan,831
250,Amur,377
251,Kirov,899
252,Tatarstan,529
253,Amur,924
254,Tiva,73
255,Amur,205
256,Stavropol,141
257,Krasnodar,308
258,Tatarstan,885
259,Tiva,869
260,Udmurtia,68
261,Krasnodar,147
262,chuvashia,608
263,Bashkiria,5
264,Bransk,418
265,Stavropol,298
266,Krasnodar,572
267,Krasnoyarsk,192
268,Bransk,790
269, Altai,814
270,Yacutia,904
271,Krasnoyarsk,108
272,Kirov,714
273,Hakasia,542
274,chuvashia,190
275, Altai,349
276, Altai,516
277,Amur,347
278,Piter,595
279,Udmurtia,477
280,Krasnodar,385
281,Amur,362
282, Altai,391
283,Kirov,145
284,Udmurtia,699
285,Amur,611
286,Bashkiria,855
287,Piter,808
288,Tiva,685
289,Amur,824
290,Moscow,446
291,Tatarstan,473
292,Krasnoyarsk,860
293,chuvashia,519
294,Krasnodar,464
295,Bransk,339
296,Yacutia,412
297,Kirov,135
298,Bashkiria,378
299,Udmurtia,981
300,Kirov,721
301,Adigea,191
302,Krasnoyarsk,286
303,Krasnodar,559
304,Stavropol,887
305,Moscow,499
306,Moscow,590
307,Adigea,979
308,Adigea,170
309,Udmurtia,47
310,Piter,226
311,Moscow,279
312,Tiva,540
313,Stavropol,137
314,Stavropol,273
315,Piter,891
316,Bashkiria,705
317,Yacutia,868
318,Amur,664
319,Krasnodar,546
320,Bashkiria,587
321,Stavropol,81
322,Hakasia,125
323,chuvashia,711
324,Yacutia,197
325,Kirov,414
326,Kirov,289
327,Moscow,413
328,Tiva,193
329,Kirov,378
330,Stavropol,150
331,Krasnodar,473
332,Amur,950
333,Bashkiria,515
334,Yacutia,530
335,Krasnoyarsk,594
336,Bransk,722
337,Bashkiria,126
338,Tatarstan,314
339,Kirov,811
340,Stavropol,764
341,Adigea,70
342,Kirov,536
343,Kirov,611
344,chuvashia,944
345,Stavropol,270
346,Udmurtia,150
347,Yacutia,361
348,Stavropol,789
349,Stavropol,877
350,Kirov,289
351,Udmurtia,43
352,Krasnoyarsk,561
353,Piter,938
354,Bransk,255
355,Tatarstan,484
356,Udmurtia,333
357,Adigea,8
358,Moscow,198
359,Hakasia,87
360,Tiva,924
361,Bashkiria,876
362,Krasnodar,473
363,Bashkiria,948
364,Yacutia,724
365,Krasnoyarsk,988
366,Krasnoyarsk,566
367,Adigea,680
368,Udmurtia,633
369,Tatarstan,638
370,Kirov,191
371,Piter,574
372,Bashkiria,168
373,Bransk,402
374,Adigea,8
375,Adigea,659
376,Udmurtia,186
377,Piter,473
378,Piter,128
379,Bransk,351
380,Krasnoyarsk,394
381,Udmurtia,459
382,Bransk,41
383,chuvashia,271
384,chuvashia,366
385,Krasnoyarsk,434
386,Tatarstan,124
387,Stavropol,331
388,Piter,4
389,Krasnodar,39
390,Tiva,596
391,Hakasia,542
392,Hakasia,993
393,Bransk,176
394,Stavropol,792
395,Tatarstan,551
396,Stavropol,48
397,Piter,118
398,Bransk,651
399,Bransk,354
400,chuvashia,357
401,Bransk,228
402,Bashkiria,447
403,Bransk,803
404,Bashkiria,312
405,Tatarstan,580
406,Kirov,174
407,chuvashia,736
408,Krasnodar,11
409,Krasnoyarsk,760
410,Tiva,811
411,Stavropol,577
412,Kirov,494
413,Bashkiria,282
414,Udmurtia,983
415,Krasnoyarsk,4
416,Tiva,224
417,Adigea,659
418,chuvashia,762
419,Bashkiria,973
420,Kirov,156
421,Moscow,451
422,Hakasia,20
423,Krasnoyarsk,470
424,chuvashia,597
425,Bashkiria,34
426,Piter,91
427,Stavropol,870
428,chuvashia,431
429,Bransk,33
430,Stavropol,682
431,Bashkiria,978
432,Piter,162
433,Kirov,914
434,Hakasia,877
435,Bransk,404
436,Piter,751
437,Kirov,419
438, Altai,642
439,Kirov,337
440,Krasnodar,182
441,Yacutia,545
442,Moscow,113
443,Yacutia,708
444, Altai,996
445,Tatarstan,326
446,Yacutia,285
447,Moscow,14
448,Tiva,685
449,Tiva,109
450,Tiva,878
451,Bransk,670
452,Kirov,817
453,Stavropol,753
454,Udmurtia,526
455,Yacutia,19
456,Kirov,551
457,Amur,835
458,Amur,126
459,Piter,821
460,Stavropol,287
461,chuvashia,790
462,chuvashia,159
463,Yacutia,977
464,Amur,77
465,Piter,220
466,Tatarstan,622
467,chuvashia,184
468,Stavropol,380
469,Amur,72
470,Yacutia,335
471, Altai,502
472,Kirov,412
473,Tatarstan,597
474,Yacutia,667
475, Altai,262
476,Udmurtia,871
477,Hakasia,925
478,Hakasia,315
479,Krasnoyarsk,31
480,Moscow,18
481,Amur,969
482,Tatarstan,712
483,Yacutia,834
484,Bransk,46
485,Piter,899
486,Piter,307
487,Tiva,474
488, Altai,211
489, Altai,326
490,Tiva,188
491,Adigea,568
492,Moscow,832
493,Moscow,598
494,Krasnoyarsk,966
495, Altai,52
496,Udmurtia,244
497,Adigea,850
498,Bransk,961
499,Bransk,948
500,Piter,846
501,Hakasia,375
502,Hakasia,205
503,Tiva,266
504,Bashkiria,74
505,Hakasia,972
506,Hakasia,74
507,Krasnodar,282
508,Hakasia,456
509,Yacutia,944
510,Hakasia,617
511,Krasnoyarsk,715
512,Udmurtia,957
513,Tatarstan,678
514,Krasnodar,912
515, Altai,592
516,Krasnodar,179
517,Moscow,108
518,chuvashia,374
519,Udmurtia,433
520,Piter,708
521,Kirov,299
522,Tiva,147
523,chuvashia,801
524,Piter,705
525,Tiva,861
526, Altai,165
527,Yacutia,255
528,Krasnodar,698
529,Kirov,884
530,Adigea,42
531,Bashkiria,383
532, Altai,614
533,chuvashia,931
534,Tatarstan,345
535, Altai,287
536,Amur,15
537,Udmurtia,412
538,Amur,272
539,Bransk,582
540,Bransk,326
541,Tatarstan,976
542,Tiva,356
543,Adigea,657
544,Krasnoyarsk,550
545,Moscow,520
546,Adigea,561
547,Tiva,944
548, Altai,163
549,chuvashia,179
550, Altai,318
551,Moscow,620
552,Kirov,899
553,Hakasia,462
554,Udmurtia,13
555,Stavropol,271
556,Krasnodar,458
557,Yacutia,902
558,Krasnoyarsk,475
559,Udmurtia,464
560,Moscow,594
561,Hakasia,413
562,Tiva,434
563,Moscow,209
564,Tiva,366
565,Stavropol,646
566,Stavropol,271
567,Tatarstan,946
568,Tiva,558
569,Hakasia,754
570,Tiva,149
571,Moscow,379
572,Bashkiria,169
573,chuvashia,845
574,Krasnoyarsk,819
575,Krasnoyarsk,219
576,Krasnodar,170
577,Amur,287
578,Bashkiria,493
579,Stavropol,12
580,Piter,148
581,Tiva,970
582,chuvashia,558
583,Udmurtia,638
584,Moscow,279
585,Amur,894
586,Amur,737
587,Piter,727
588,Stavropol,622
589,Piter,93
590,Udmurtia,405
591,Amur,339
592,Kirov,584
593,Bashkiria,322
594,Bashkiria,827
595,Kirov,695
596,Adigea,39
597,Bashkiria,514
598,Udmurtia,798
599,Tatarstan,585
600,Hakasia,890
601,Hakasia,629
602,Amur,665
603,Udmurtia,398
604, Altai,525
605,Tiva,364
606,Krasnoyarsk,688
607,Bransk,764
608,Moscow,178
609,Udmurtia,25
610,Tatarstan,726
611,Krasnodar,964
612,Bashkiria,335
613,Krasnodar,423
614,Udmurtia,249
615,chuvashia,212
616,Hakasia,474
617,Kirov,923
618,Udmurtia,857
619,Bransk,429
620,Kirov,564
621,Tatarstan,169
622,Yacutia,79
623,Bransk,426
624,Krasnodar,641
625,Hakasia,218
626,Amur,112
627,Stavropol,692
628,Udmurtia,198
629,Stavropol,10
630,Bashkiria,403
631, Altai,347
632,Piter,608
633,Hakasia,243
634,Udmurtia,848
635,Amur,462
636,Udmurtia,413
637,Adigea,410
638,Bransk,738
639,Hakasia,1
640,chuvashia,770
641,chuvashia,821
642,chuvashia,263
643,Amur,697
644,Krasnoyarsk,303
645,Bransk,967
646,Amur,499
647,Bransk,330
648,Udmurtia,141
649,chuvashia,89
650,Amur,412
651,Bransk,228
652,Udmurtia,863
653,Tiva,230
654,Udmurtia,109
655,Kirov,675
656,Tiva,952
657,Yacutia,489
658,Hakasia,451
659,Bransk,119
660,Udmurtia,928
661, Altai,945
662,Hakasia,922
663,Piter,87
664,Hakasia,15
665,Yacutia,578
666,Bashkiria,479
667,Krasnodar,756
668,Yacutia,395
669,Yacutia,878
670,Amur,201
671,Stavropol,209
672,Tatarstan,112
673,Moscow,82
674,Hakasia,253
675,Yacutia,805
676, Altai,42
677,chuvashia,301
678,Udmurtia,549
679,Kirov,394
680,Krasnoyarsk,704
681,Hakasia,221
682,Hakasia,662
683,Amur,738
684,Tiva,493
685,Kirov,17
686, Altai,265
687,Kirov,706
688,Hakasia,862
689,Kirov,391
690,Bransk,708
691,Kirov,899
692,chuvashia,759
693,Piter,546
694,Bransk,824
695,Yacutia,305
696,Kirov,496
697,Udmurtia,955
698,Krasnoyarsk,213
699,Yacutia,51
700,Krasnoyarsk,483
701,Piter,151
702,Tiva,769
703,Krasnodar,166
704,Yacutia,523
705,Stavropol,542
706,Krasnoyarsk,278
707,Yacutia,349
708,Kirov,304
709,Krasnoyarsk,243
710,Udmurtia,735
711,Piter,724
712,Krasnodar,357
713,Udmurtia,571
714,Adigea,296
715,Amur,183
716,Kirov,80
717,Udmurtia,519
718, Altai,914
719,Hakasia,829
720,Krasnodar,722
721,Amur,756
722,Krasnodar,427
723,Stavropol,129
724,Yacutia,630
725,Krasnoyarsk,283
726,Adigea,891
727, Altai,438
728,Tatarstan,679
729,Krasnoyarsk,330
730,Stavropol,74
731,Udmurtia,93
732,Moscow,37
733,Krasnodar,211
734,Kirov,612
735,Piter,315
736,Kirov,836
737,Krasnoyarsk,268
738,Moscow,1000
739,Piter,189
740,Krasnoyarsk,718
741,Bashkiria,459
742,Krasnodar,502
743,Tiva,561
744,Stavropol,603
745,Bransk,262
746,Bransk,933
747,Krasnoyarsk,528
748,Kirov,930
749,Bashkiria,475
750,Amur,822
751,Bransk,986
752,Udmurtia,424
753,Hakasia,163
754,chuvashia,962
755,chuvashia,430
756,Udmurtia,410
757,Amur,80
758,Yacutia,589
759,Adigea,193
760,Tiva,195
761, Altai,759
762,Amur,246
763,chuvashia,884
764, Altai,234
765,Moscow,196
766,Adigea,339
767,Yacutia,151
768,Bashkiria,589
769,Krasnoyarsk,493
770,Krasnoyarsk,999
771,Yacutia,597
772,Tiva,904
773,Bransk,150
774,Tatarstan,649
775,Tiva,859
776,Krasnodar,897
777,Bransk,61
778,Krasnoyarsk,417
779,Kirov,45
780,Yacutia,238
781,Krasnodar,895
782,Adigea,692
783,chuvashia,921
784,Moscow,944
785, Altai,443
786,Krasnoyarsk,775
787,Kirov,865
788,Amur,58
789,Bashkiria,325
790,Krasnodar,818
791,Stavropol,232
792,Hakasia,162
793,Adigea,9
794,Moscow,224
795,Hakasia,844
796,Bashkiria,537
797,Bashkiria,217
798,Krasnoyarsk,343
799,Yacutia,314
800,chuvashia,699
801,Krasnoyarsk,395
802,Krasnoyarsk,194
803,Tatarstan,878
804,Tiva,273
805,Tiva,323
806,Kirov,952
807,Bransk,233
808,chuvashia,806
809,Tatarstan,24
810,Krasnodar,632
811,chuvashia,441
812,Bashkiria,616
813,Tiva,489
814,Udmurtia,788
815,Yacutia,83
816,Yacutia,372
817,Krasnodar,184
818,Bashkiria,53
819,Bashkiria,425
820,Bransk,90
821,Moscow,217
822,Krasnodar,177
823,Udmurtia,835
824,Kirov,677
825,Piter,156
826,Krasnoyarsk,567
827,Adigea,787
828, Altai,194
829, Altai,910
830,Piter,605
831,Kirov,866
832,Udmurtia,343
833,Stavropol,578
834,Tiva,108
835,Udmurtia,665
836,Udmurtia,421
837,Bashkiria,803
838,Moscow,351
839,chuvashia,505
840,Udmurtia,995
841,chuvashia,171
842,Krasnodar,24
843,Adigea,435
844,Krasnoyarsk,555
845,Udmurtia,143
846, Altai,255
847,Udmurtia,442
848,Krasnodar,404
849,Yacutia,219
850,Yacutia,854
851,Tatarstan,824
852,Krasnoyarsk,161
853,Tatarstan,729
854,chuvashia,384
855,Krasnoyarsk,697
856,Stavropol,325
857,Stavropol,774
858,Amur,749
859,Amur,234
860,Tatarstan,217
861,Udmurtia,407
862,Bransk,322
863,Bransk,760
864,Amur,93
865,Bashkiria,401
866,Adigea,553
867,Kirov,649
868,Kirov,904
869, Altai,452
870,chuvashia,249
871,chuvashia,85
872,Udmurtia,229
873,Kirov,219
874,Tiva,198
875, Altai,391
876,chuvashia,140
877,Moscow,618
878,Tatarstan,390
879,Bransk,101
880,Udmurtia,80
881,Piter,152
882,Tatarstan,903
883,Amur,192
884,Krasnodar,163
885,Krasnoyarsk,618
886,Amur,989
887,Adigea,929
888, Altai,654
889,Amur,134
890,Tatarstan,795
891,Amur,988
892,Krasnodar,27
893,Krasnodar,832
894,Amur,661
895,Tatarstan,300
896,Tatarstan,237
897,Yacutia,309
898,Tatarstan,350
899,Bashkiria,872
900,Kirov,183
901,Hakasia,47
902,Bransk,203
903,Yacutia,974
904,Kirov,182
905,chuvashia,511
906,Stavropol,885
907,Krasnoyarsk,539
908,Bashkiria,362
909,Kirov,172
910,chuvashia,391
911,Bashkiria,476
912,Tatarstan,935
913,Tiva,965
914,Krasnoyarsk,858
915, Altai,999
916,Krasnodar,903
917,chuvashia,806
918, Altai,480
919,Hakasia,333
920,Kirov,548
921,Stavropol,195
922,Yacutia,177
923,chuvashia,545
924,chuvashia,835
925,Krasnodar,889
926,Tiva,98
927,Tatarstan,600
928,Tiva,658
929,Krasnodar,263
930, Altai,964
931,chuvashia,262
932,Krasnodar,202
933,Hakasia,28
934, Altai,93
935,Piter,209
936,Kirov,690
937,Bashkiria,344
938,Tiva,515
939,Piter,2
940,Tatarstan,495
941,Hakasia,948
942,Piter,230
943,Hakasia,463
944,Tiva,621
945,Yacutia,94
946,Bransk,842
947,Krasnodar,662
948,Moscow,841
949,Tiva,128
950,Tiva,932
951,Yacutia,19
952,Piter,189
953,Hakasia,119
954,Bashkiria,953
955,Udmurtia,480
956,Tatarstan,263
957,Bransk,277
958,Stavropol,730
959,chuvashia,79
960,Stavropol,331
961,Bransk,518
962, Altai,93
963,Kirov,87
964,Bashkiria,227
965,Krasnodar,966
966,Stavropol,833
967,Kirov,487
968, Altai,817
969,Krasnodar,129
970,Krasnoyarsk,10
971,Yacutia,542
972,chuvashia,665
973,Piter,744
974,Kirov,31
975,Kirov,947
976,Kirov,769
977,Yacutia,203
978,Kirov,561
979,Krasnoyarsk,787
980,chuvashia,631
981,Amur,62
982,Bashkiria,103
983,Bransk,641
984,Kirov,14
985,Kirov,570
986,Amur,925
987,Udmurtia,115
988,Tatarstan,874
989,Amur,155
990,Tiva,102
991,Krasnodar,921
992,Tiva,145
993,Amur,252
994,Hakasia,64
995,Yacutia,804
996,Tiva,210
997, Altai,6
998,Krasnoyarsk,820
999,Yacutia,49
1000,Bashkiria,462
